{"text": " We're back. I'm back! I heard the rumor.", "segments": [{"id": 0, "seek": 0, "start": 0.0, "end": 7.0, "text": " We're back.", "tokens": [492, 434, 646, 13], "temperature": 0.0, "avg_logprob": -0.6320359230041503, "compression_ratio": 0.9090909090909091, "no_speech_prob": 0.27731335163116455}, {"id": 1, "seek": 0, "start": 7.0, "end": 11.0, "text": " I'm back!", "tokens": [286, 478, 646, 0], "temperature": 0.0, "avg_logprob": -0.6320359230041503, "compression_ratio": 0.9090909090909091, "no_speech_prob": 0.27731335163116455}, {"id": 2, "seek": 1100, "start": 11.0, "end": 14.0, "text": " I heard the rumor.", "tokens": [50364, 286, 2198, 264, 29639, 13, 50514], "temperature": 0.0, "avg_logprob": -0.47880932688713074, "compression_ratio": 0.6923076923076923, "no_speech_prob": 0.0014876886270940304}], "language": "en"}