{"text": " Water. Sometimes I get this. It's coming. Oh great, thanks. Don't want to be too scratchy.", "segments": [{"id": 0, "seek": 0, "start": 0.0, "end": 7.0, "text": " Water. Sometimes I get this.", "tokens": [8772, 13, 4803, 286, 483, 341, 13], "temperature": 0.0, "avg_logprob": -0.9204415678977966, "compression_ratio": 0.8367346938775511, "no_speech_prob": 0.14107190072536469}, {"id": 1, "seek": 700, "start": 7.0, "end": 32.0, "text": " It's coming.", "tokens": [467, 311, 1348, 13], "temperature": 0.0, "avg_logprob": -0.5564413070678711, "compression_ratio": 0.6, "no_speech_prob": 0.004017242230474949}, {"id": 2, "seek": 3200, "start": 32.0, "end": 52.0, "text": " Oh great, thanks.", "tokens": [876, 869, 11, 3231, 13], "temperature": 0.0, "avg_logprob": -0.6596627765231662, "compression_ratio": 0.68, "no_speech_prob": 0.003473845776170492}, {"id": 3, "seek": 5200, "start": 52.0, "end": 66.0, "text": " Don't want to be too scratchy.", "tokens": [50364, 1468, 380, 528, 281, 312, 886, 8459, 88, 13, 51064], "temperature": 0.0, "avg_logprob": -0.32254987955093384, "compression_ratio": 0.8333333333333334, "no_speech_prob": 0.000847519317176193}], "language": "en"}