{"text": " So, basically, with regards to responsibility and work, I'm lazy. The only saving grace that I have is that a lot of things that are fun and play for me are considered by others to be work. Otherwise, I would be one of those homeless people.", "segments": [{"id": 0, "seek": 0, "start": 0.0, "end": 11.8, "text": " So, basically, with regards to responsibility and work, I'm lazy. The only saving grace", "tokens": [407, 11, 1936, 11, 365, 14258, 281, 6357, 293, 589, 11, 286, 478, 14847, 13, 440, 787, 6816, 10042], "temperature": 0.0, "avg_logprob": -0.2762705273098416, "compression_ratio": 1.330827067669173, "no_speech_prob": 0.02571454457938671}, {"id": 1, "seek": 0, "start": 11.8, "end": 20.8, "text": " that I have is that a lot of things that are fun and play for me are considered by others", "tokens": [300, 286, 362, 307, 300, 257, 688, 295, 721, 300, 366, 1019, 293, 862, 337, 385, 366, 4888, 538, 2357], "temperature": 0.0, "avg_logprob": -0.2762705273098416, "compression_ratio": 1.330827067669173, "no_speech_prob": 0.02571454457938671}, {"id": 2, "seek": 2080, "start": 20.8, "end": 30.8, "text": " to be work. Otherwise, I would be one of those homeless people.", "tokens": [50364, 281, 312, 589, 13, 10328, 11, 286, 576, 312, 472, 295, 729, 12294, 561, 13, 50864], "temperature": 0.0, "avg_logprob": -0.2562626732720269, "compression_ratio": 0.9545454545454546, "no_speech_prob": 0.0002194935077568516}], "language": "en"}