{"text": " Not to belabor the point, but I think you get the idea that spiritual depth alone does not guarantee verbal communication abilities.", "segments": [{"id": 0, "seek": 0, "start": 0.0, "end": 9.4, "text": " Not to belabor the point, but I think you get the idea that spiritual depth alone does not guarantee verbal communication abilities.", "tokens": [50364, 1726, 281, 989, 3816, 264, 935, 11, 457, 286, 519, 291, 483, 264, 1558, 300, 6960, 7161, 3312, 775, 406, 10815, 24781, 6101, 11582, 13, 50834], "temperature": 0.0, "avg_logprob": -0.31281215803963797, "compression_ratio": 1.2222222222222223, "no_speech_prob": 0.0014405781403183937}], "language": "en"}